Time,ID
1560506340,1
1560506400,0
1560506460,0
1560506520,0
1560506580,0
1560506640,0
1560506700,0
1560506760,0
1560506820,0
1560506880,0
1560506940,0
1560507000,0
1560507060,0
1560507120,0
1560507180,0
1560507240,0
1560507300,0
1560507360,1
1560507420,0
1560507480,0
1560507540,1
1560507600,0
1560507660,0
1560507720,1
1560507780,0
1560507840,1
1560507900,0
1560507960,0
1560508020,0
1560508080,0
1560508140,0
1560508200,0
1560508260,0
1560508320,0
1560508380,0
1560508440,0
1560508500,0
1560508560,0
1560508620,0
1560508680,0
1560508740,0
1560508800,0
1560508860,1
1560508920,0
1560508980,0
1560509040,0
1560509100,0
1560509160,0
1560509220,1
1560509280,0
1560509340,0
1560509400,0
1560509460,0
1560509520,0
1560509580,0
1560509640,0
1560509700,0
1560509760,0
1560509820,0
1560509880,0
1560509940,0
1560510000,0
1560510060,0
1560510120,0
1560510180,0
1560510240,1
1560510300,0
1560510360,1
1560510420,0
1560510480,0
1560510540,0
1560510600,0
1560510660,0
1560510720,1
1560510780,0
1560510840,0
1560510900,0
1560510960,1
1560511020,1
1560511080,3
1560511140,2
1560511200,0
1560511260,0
1560511320,0
1560511380,0
1560511440,0
1560511500,0
1560511560,0
1560511620,0
1560511680,0
1560511740,0
1560511800,0
1560511860,1
1560511920,0
1560511980,0
1560512040,0
1560512100,0
1560512160,0
1560512220,1
1560512280,0
1560512340,1
1560512400,0
1560512460,0
1560512520,1
1560512580,0
1560512640,0
1560512700,1
1560512760,0
1560512820,0
1560512880,1
1560512940,0
1560513000,1
1560513060,0
1560513120,0
1560513180,0
1560513240,0
1560513300,0
1560513360,0
1560513420,0
1560513480,0
1560513540,0
1560513600,0
1560513660,0
1560513720,0
1560513780,1
1560513840,1
1560513900,0
1560513960,1
1560514020,1
1560514080,0
1560514140,0
1560514200,0
1560514260,0
1560514320,0
1560514380,0
1560514440,0
1560514500,2
1560514560,3
1560514620,0
1560514680,0
1560514740,0
1560514800,0
1560514860,1
1560514920,1
1560514980,0
1560515040,0
1560515100,1
1560515160,0
1560515220,0
1560515280,0
1560515340,0
1560515400,1
1560515460,0
1560515520,0
1560515580,1
1560515640,0
1560515700,0
1560515760,0
1560515820,0
1560515880,1
1560515940,0
1560516000,0
1560516060,0
1560516120,0
1560516180,1
1560516240,0
1560516300,1
1560516360,0
1560516420,0
1560516480,0
1560516540,0
1560516600,0
1560516660,0
1560516720,1
1560516780,0
1560516840,0
1560516900,0
1560516960,0
1560517020,0
1560517080,0
1560517140,0
1560517200,0
1560517260,0
1560517320,0
1560517380,0
1560517440,0
1560517500,1
1560517560,0
1560517620,0
1560517680,0
1560517740,0
1560517800,0
1560517860,0
1560517920,0
1560517980,0
1560518040,0
1560518100,0
1560518160,0
1560518220,0
1560518280,0
1560518340,0
1560518400,0
1560518460,0
1560518520,0
1560518580,0
1560518640,0
1560518700,0
1560518760,0
1560518820,0
1560518880,0
1560518940,0
1560519000,0
1560519060,0
1560519120,0
1560519180,1
1560519240,0
1560519300,0
1560519360,0
1560519420,0
1560519480,0
1560519540,0
1560519600,0
1560519660,0
1560519720,0
1560519780,0
1560519840,0
1560519900,1
1560519960,0
1560520020,0
1560520080,0
1560520140,0
1560520200,0
1560520260,0
1560520320,0
1560520380,0
1560520440,0
1560520500,0
1560520560,0
1560520620,0
1560520680,0
1560520740,0
1560520800,0
1560520860,0
1560520920,0
1560520980,0
1560521040,0
1560521100,0
1560521160,0
1560521220,0
1560521280,0
1560521340,0
1560521400,0
1560521460,0
1560521520,0
1560521580,0
1560521640,0
1560521700,0
1560521760,0
1560521820,0
1560521880,0
1560521940,0
1560522000,0
1560522060,0
1560522120,1
1560522180,0
1560522240,0
1560522300,0
1560522360,0
1560522420,0
1560522480,0
1560522540,0
1560522600,1
1560522660,0
1560522720,0
1560522780,0
1560522840,0
1560522900,0
1560522960,0
1560523020,0
1560523080,1
1560523140,0
1560523200,0
1560523260,0
1560523320,0
1560523380,1
1560523440,0
1560523500,0
1560523560,0
1560523620,1
1560523680,1
1560523740,0
1560523800,0
1560523860,0
1560523920,0
1560523980,0
1560524040,0
1560524100,0
1560524160,0
1560524220,0
1560524280,0
1560524340,0
1560524400,0
1560524460,0
1560524520,0
1560524580,0
1560524640,0
1560524700,0
1560524760,0
1560524820,0
1560524880,0
1560524940,0
1560525000,0
1560525060,0
1560525120,0
1560525180,0
1560525240,0
1560525300,0
1560525360,0
1560525420,0
1560525480,0
1560525540,0
1560525600,0
1560525660,0
1560525720,0
1560525780,0
1560525840,0
1560525900,0
1560525960,0
1560526020,0
1560526080,0
1560526140,0
1560526200,0
1560526260,0
1560526320,0
1560526380,0
1560526440,0
1560526500,0
1560526560,0
1560526620,0
1560526680,0
1560526740,0
1560526800,0
1560526860,0
1560526920,0
1560526980,0
1560527040,1
1560527100,0
1560527160,0
1560527220,0
1560527280,0
1560527340,0
1560527400,0
1560527460,0
1560527520,0
1560527580,0
1560527640,0
1560527700,0
1560527760,0
1560527820,0
1560527880,0
1560527940,0
1560528000,0
1560528060,0
1560528120,0
1560528180,1
1560528240,0
1560528300,0
1560528360,0
1560528420,0
1560528480,0
1560528540,0
1560528600,0
1560528660,0
1560528720,0
1560528780,0
1560528840,0
1560528900,1
1560528960,0
1560529020,0
1560529080,0
1560529140,0
1560529200,0
1560529260,0
1560529320,0
1560529380,0
1560529440,0
1560529500,0
1560529560,0
1560529620,0
1560529680,0
1560529740,0
1560529800,0
1560529860,0
1560529920,0
1560529980,0
1560530040,0
1560530100,0
1560530160,0
1560530220,0
1560530280,0
1560530340,1
1560530400,0
1560530460,0
1560530520,0
1560530580,0
1560530640,0
1560530700,0
1560530760,1
1560530820,0
1560530880,0
1560530940,0
1560531000,0
1560531060,0
1560531120,0
1560531180,0
1560531240,0
1560531300,0
1560531360,0
1560531420,0
1560531480,0
1560531540,0
1560531600,0
1560531660,0
1560531720,0
1560531780,0
1560531840,0
1560531900,0
1560531960,0
1560532020,0
1560532080,0
1560532140,0
1560532200,0
1560532260,0
1560532320,0
1560532380,0
1560532440,0
1560532500,0
1560532560,0
1560532620,0
1560532680,0
1560532740,0
1560532800,0
1560532860,0
1560532920,0
1560532980,0
1560533040,0
1560533100,1
1560533160,0
1560533220,0
1560533280,0
1560533340,0
1560533400,0
1560533460,0
1560533520,0
1560533580,0
1560533640,0
1560533700,0
1560533760,0
1560533820,0
1560533880,0
1560533940,0
1560534000,0
1560534060,0
1560534120,1
1560534180,0
1560534240,0
1560534300,0
1560534360,0
1560534420,0
1560534480,0
1560534540,0
1560534600,0
1560534660,0
1560534720,0
1560534780,0
1560534840,0
1560534900,0
1560534960,0
1560535020,0
1560535080,0
1560535140,0
1560535200,0
1560535260,1
1560535320,0
1560535380,0
1560535440,0
1560535500,0
1560535560,0
1560535620,0
1560535680,0
1560535740,0
1560535800,0
1560535860,1
1560535920,0
1560535980,0
1560536040,0
1560536100,0
1560536160,0
1560536220,0
1560536280,0
1560536340,0
1560536400,0
1560536460,0
1560536520,0
1560536580,0
1560536640,0
1560536700,0
1560536760,0
1560536820,0
1560536880,0
1560536940,0
1560537000,0
1560537060,0
1560537120,0
1560537180,0
1560537240,0
1560537300,0
1560537360,0
1560537420,0
1560537480,0
1560537540,0
1560537600,0
1560537660,0
1560537720,0
1560537780,0
1560537840,0
1560537900,0
1560537960,0
1560538020,0
1560538080,0
1560538140,0
1560538200,0
1560538260,0
1560538320,0
1560538380,0
1560538440,0
1560538500,0
1560538560,0
1560538620,0
1560538680,0
1560538740,0
1560538800,0
1560538860,0
1560538920,0
1560538980,0
1560539040,0
1560539100,0
1560539160,0
1560539220,0
1560539280,0
1560539340,0
1560539400,0
1560539460,0
1560539520,0
1560539580,0
1560539640,0
1560539700,0
1560539760,0
1560539820,0
1560539880,0
1560539940,0
1560540000,0
1560540060,0
1560540120,0
1560540180,0
1560540240,0
1560540300,0
1560540360,0
1560540420,0
1560540480,0
1560540540,0
1560540600,0
1560540660,0
1560540720,0
1560540780,0
1560540840,0
1560540900,0
1560540960,0
1560541020,0
1560541080,0
1560541140,0
1560541200,0
1560541260,0
1560541320,0
1560541380,0
1560541440,0
1560541500,0
1560541560,0
1560541620,0
1560541680,0
1560541740,0
1560541800,0
1560541860,0
1560541920,0
1560541980,0
1560542040,0
1560542100,0
1560542160,0
1560542220,0
1560542280,0
1560542340,0
1560542400,0
1560542460,0
1560542520,0
1560542580,0
1560542640,0
1560542700,0
1560542760,0
1560542820,0
1560542880,0
1560542940,1
1560543000,0
1560543060,0
1560543120,0
1560543180,0
1560543240,1
1560543300,0
1560543360,0
1560543420,0
1560543480,0
1560543540,0
1560543600,0
1560543660,0
1560543720,0
1560543780,0
1560543840,0
1560543900,0
1560543960,1
1560544020,0
1560544080,0
1560544140,1
1560544200,1
1560544260,0
1560544320,0
1560544380,0
1560544440,0
1560544500,0
1560544560,0
1560544620,0
1560544680,0
1560544740,0
1560544800,0
1560544860,1
1560544920,0
1560544980,0
1560545040,0
1560545100,0
1560545160,0
1560545220,0
1560545280,0
1560545340,0
1560545400,0
1560545460,0
1560545520,1
1560545580,0
1560545640,0
1560545700,0
1560545760,0
1560545820,0
1560545880,0
1560545940,0
1560546000,0
1560546060,0
1560546120,0
1560546180,0
1560546240,0
1560546300,0
1560546360,0
1560546420,0
1560546480,0
1560546540,0
1560546600,1
1560546660,0
1560546720,0
1560546780,1
1560546840,0
1560546900,0
1560546960,0
1560547020,0
1560547080,0
1560547140,0
1560547200,0
1560547260,1
1560547320,0
1560547380,0
1560547440,0
1560547500,0
1560547560,0
1560547620,0
1560547680,0
1560547740,0
1560547800,0
1560547860,0
1560547920,0
1560547980,0
1560548040,0
1560548100,0
1560548160,0
1560548220,1
